date,avg_temp,max_temp,min_temp,demand,weekday,is_holiday,weather_rain,weather_snow,weather_sunny
2025/1/1,-12,-9.2,-15.7,483,2,1,FALSE,TRUE,FALSE
2025/1/2,-7.8,-2.5,-15.2,476,3,0,FALSE,TRUE,FALSE
2025/1/3,-7.8,-4.4,-10.3,493,4,0,FALSE,TRUE,FALSE
2025/1/4,-7.2,-4,-9.9,491,5,0,FALSE,TRUE,FALSE
2025/1/5,-6.7,-3.5,-12.5,482,6,0,FALSE,TRUE,FALSE
2025/1/6,-4.7,-0.9,-11.8,550,0,0,FALSE,TRUE,FALSE
2025/1/7,-2.9,-1,-5.2,514,1,0,FALSE,TRUE,FALSE
2025/1/8,-3.9,-1.7,-5.2,552,2,0,FALSE,TRUE,FALSE
2025/1/9,-4.1,-2.7,-5.5,554,3,0,FALSE,TRUE,FALSE
2025/1/10,-2.8,0.9,-5.5,524,4,0,FALSE,TRUE,FALSE
2025/1/11,-5.3,-1.4,-11.5,496,5,0,FALSE,TRUE,FALSE
2025/1/12,-5,-1.7,-8.6,472,6,0,FALSE,TRUE,FALSE
2025/1/13,-6.6,-3.7,-10.3,477,0,1,FALSE,TRUE,FALSE
2025/1/14,-3.9,2.2,-9.1,541,1,0,FALSE,TRUE,FALSE
2025/1/15,-6.2,-3.6,-9.3,539,2,0,FALSE,TRUE,FALSE
2025/1/16,-7.8,-3.8,-12.3,521,3,0,FALSE,TRUE,FALSE
2025/1/17,-8.6,-4.2,-13.3,617,4,0,FALSE,TRUE,FALSE
2025/1/18,-9.3,-4,-13.6,511,5,0,FALSE,TRUE,FALSE
2025/1/19,-7.6,-2.9,-13.8,485,6,0,FALSE,TRUE,FALSE
2025/1/20,0.5,4.1,-2.9,533,0,0,FALSE,TRUE,FALSE
2025/1/21,-4.5,0.2,-10.7,509,1,0,FALSE,FALSE,TRUE
2025/1/22,-7.7,-0.7,-12.6,527,2,0,FALSE,FALSE,TRUE
2025/1/23,-5.8,-1,-11.5,528,3,0,FALSE,TRUE,FALSE
2025/1/24,-3,1.5,-7.2,535,4,0,FALSE,TRUE,FALSE
2025/1/25,0.8,4.3,-2.5,469,5,0,FALSE,FALSE,TRUE
2025/1/26,-1.6,1.7,-7.4,464,6,0,FALSE,FALSE,TRUE
2025/1/27,-4.4,2.5,-11.6,496,0,0,FALSE,FALSE,TRUE
2025/1/28,-3.6,1.5,-9.5,511,1,0,FALSE,FALSE,TRUE
2025/1/29,-1.7,1.4,-4.4,508,2,0,FALSE,TRUE,FALSE
2025/1/30,-1,1,-2,535,3,0,FALSE,TRUE,FALSE
2025/1/31,-2.5,-0.2,-5,559,4,0,FALSE,TRUE,FALSE
2025/2/1,-5.2,0.2,-11.2,487,5,0,FALSE,FALSE,TRUE
2025/2/2,-7.3,-1.2,-12.2,480,6,0,FALSE,TRUE,FALSE
2025/2/3,-6.1,-1.7,-10.3,532,0,0,FALSE,FALSE,TRUE
2025/2/4,-1.2,3.9,-5.1,524,1,0,FALSE,TRUE,FALSE
2025/2/5,-3,-0.3,-7.4,536,2,0,FALSE,TRUE,FALSE
2025/2/6,-2,0.9,-3.8,547,3,0,FALSE,TRUE,FALSE
2025/2/7,-3.5,0.1,-8.2,522,4,0,FALSE,TRUE,FALSE
2025/2/8,-5.3,0,-9.7,479,5,0,FALSE,TRUE,FALSE
2025/2/9,-5.1,-0.8,-9.9,473,6,0,FALSE,TRUE,FALSE
2025/2/10,-4.1,-0.9,-7,520,0,0,FALSE,TRUE,FALSE
2025/2/11,-3.3,0.2,-6.1,479,1,1,FALSE,TRUE,FALSE
2025/2/12,-0.8,1.8,-4.6,507,2,0,FALSE,TRUE,FALSE
2025/2/13,-3,0.1,-5.6,516,3,0,FALSE,TRUE,FALSE
2025/2/14,-4.1,-2.5,-5.1,516,4,0,FALSE,TRUE,FALSE
2025/2/15,-4.5,-1.2,-10.8,482,5,0,FALSE,TRUE,FALSE
2025/2/16,-7.4,-2.6,-13.6,479,6,0,FALSE,TRUE,FALSE
2025/2/17,-3.2,-0.1,-6.1,519,0,0,FALSE,TRUE,FALSE
2025/2/18,-5.4,-1.3,-10.4,523,1,0,FALSE,TRUE,FALSE
2025/2/19,-3.9,-0.7,-6.4,550,2,0,FALSE,TRUE,FALSE
2025/2/20,-6,-0.6,-11.7,496,3,0,FALSE,TRUE,FALSE
2025/2/21,-5.9,-0.2,-10.7,537,4,0,FALSE,TRUE,FALSE
2025/2/22,-6.9,-1.2,-11.6,488,5,0,FALSE,TRUE,FALSE
2025/2/23,-5.7,-0.3,-10.9,473,6,1,FALSE,TRUE,FALSE
2025/2/24,-3.2,0.2,-7.7,467,0,1,FALSE,TRUE,FALSE
2025/2/25,1.3,4.5,-2,493,1,0,FALSE,TRUE,FALSE
2025/2/26,-0.5,3.8,-3.5,479,2,0,FALSE,TRUE,FALSE
2025/2/27,-2.7,0.3,-4.8,499,3,0,FALSE,TRUE,FALSE
2025/2/28,1,8.5,-9.2,460,4,0,FALSE,FALSE,TRUE
2025/3/1,3.3,7.7,-3.1,424,5,0,FALSE,FALSE,TRUE
2025/3/2,-2.9,1.3,-7,449,6,0,FALSE,TRUE,FALSE
2025/3/3,-7.2,-4.3,-10.5,508,0,0,FALSE,TRUE,FALSE
2025/3/4,-6.8,-1.7,-12,502,1,0,FALSE,TRUE,FALSE
2025/3/5,-6.1,-0.9,-12.5,528,2,0,FALSE,TRUE,FALSE
2025/3/6,-2,1.3,-4.6,522,3,0,FALSE,TRUE,FALSE
2025/3/7,-2.5,1.9,-5.4,535,4,0,FALSE,TRUE,FALSE
2025/3/8,-4.6,1.8,-11,470,5,0,FALSE,TRUE,FALSE
2025/3/9,-2.4,2.3,-8,432,6,0,FALSE,TRUE,FALSE
2025/3/10,-2.8,4.4,-9.6,469,0,0,FALSE,FALSE,TRUE
2025/3/11,1,9.1,-8.2,450,1,0,FALSE,FALSE,TRUE
2025/3/12,3.2,10.1,-3.5,435,2,0,FALSE,FALSE,TRUE
2025/3/13,3.3,10.1,-0.9,487,3,0,FALSE,TRUE,FALSE
2025/3/14,0.6,3,-1.8,536,4,0,FALSE,TRUE,FALSE
2025/3/15,-0.5,2.8,-2.2,465,5,0,FALSE,TRUE,FALSE
2025/3/16,-0.9,2.1,-3.6,457,6,0,FALSE,TRUE,FALSE
2025/3/17,-1.9,-0.1,-4.2,514,0,0,FALSE,TRUE,FALSE
2025/3/18,-2.3,1.8,-5.2,539,1,0,FALSE,TRUE,FALSE
2025/3/19,-2,4.7,-8.5,570,2,0,FALSE,FALSE,TRUE
2025/3/20,-0.5,3.5,-5.4,455,3,1,FALSE,TRUE,FALSE
2025/3/21,3.8,6.3,0.8,502,4,0,TRUE,FALSE,FALSE
2025/3/22,4.3,8.5,0.5,448,5,0,TRUE,FALSE,FALSE
2025/3/23,1.2,4.1,-1.2,433,6,0,FALSE,TRUE,FALSE
2025/3/24,3.3,10.2,-4,447,0,0,FALSE,FALSE,TRUE
2025/3/25,4.8,8.8,1.8,486,1,0,TRUE,FALSE,FALSE
2025/3/26,1.2,3.3,-2.2,536,2,0,FALSE,TRUE,FALSE
2025/3/27,0.8,3.5,-2.9,447,3,0,FALSE,TRUE,FALSE
2025/3/28,1.3,3.6,0,477,4,0,FALSE,TRUE,FALSE
2025/3/29,1,4.5,-2.3,393,5,0,FALSE,TRUE,FALSE
2025/3/30,-1.8,5.6,-6.8,407,6,0,FALSE,TRUE,FALSE
2025/3/31,-1.6,1.2,-4.8,475,0,0,FALSE,TRUE,FALSE
2025/4/1,2.6,8.3,-3,465,1,0,FALSE,FALSE,TRUE
2025/4/2,2.4,7,-3.6,448,2,0,TRUE,FALSE,FALSE
2025/4/3,1.6,4.3,-0.7,453,3,0,TRUE,FALSE,FALSE
2025/4/4,1.4,4.5,-0.9,439,4,0,FALSE,FALSE,TRUE
2025/4/5,4.5,8.7,-0.8,404,5,0,FALSE,FALSE,FALSE
2025/4/6,6.6,13.8,-1.1,396,6,0,FALSE,FALSE,TRUE
2025/4/7,8,14.5,3.1,448,0,0,TRUE,FALSE,FALSE
2025/4/8,5.5,7.5,4,451,1,0,TRUE,FALSE,FALSE
2025/4/9,6,9.8,1.8,468,2,0,TRUE,FALSE,FALSE
2025/4/10,7.8,15.3,-0.9,452,3,0,FALSE,FALSE,TRUE
2025/4/11,9.6,19,0.7,421,4,0,FALSE,FALSE,TRUE
2025/4/12,10.1,19.7,1,466,5,0,FALSE,FALSE,TRUE
2025/4/13,10.2,17.6,3,392,6,0,FALSE,FALSE,TRUE
2025/4/14,7.9,12.2,5.7,435,0,0,TRUE,FALSE,FALSE
2025/4/15,7.6,10.2,5.1,439,1,0,TRUE,FALSE,FALSE
2025/4/16,5.3,6.8,4,515,2,0,TRUE,FALSE,FALSE
2025/4/17,6.9,12.3,2.8,517,3,0,TRUE,FALSE,FALSE
2025/4/18,10.1,19.9,0.1,519,4,0,FALSE,FALSE,TRUE
2025/4/19,8.5,10.2,6.9,446,5,0,TRUE,FALSE,FALSE
2025/4/20,8.9,18.3,5.7,383,6,0,TRUE,FALSE,FALSE
2025/4/21,5.3,7.7,1.7,477,0,0,TRUE,FALSE,FALSE
2025/4/22,7.4,15.3,1,500,1,0,FALSE,FALSE,TRUE
2025/4/23,10.7,17.9,4.7,439,2,0,TRUE,FALSE,FALSE
2025/4/24,12.9,20.6,3.5,520,3,0,FALSE,FALSE,TRUE
2025/4/25,9.3,17,6,460,4,0,TRUE,FALSE,FALSE
2025/4/26,7.7,13.1,4.6,403,5,0,TRUE,FALSE,FALSE
2025/4/27,5.8,8.8,2.5,355,6,0,TRUE,FALSE,FALSE
2025/4/28,7.4,14.6,-0.1,471,0,0,FALSE,FALSE,TRUE
2025/4/29,4.6,7.5,2.5,392,1,1,TRUE,FALSE,FALSE
2025/4/30,5.3,11.7,1.7,514,2,0,FALSE,FALSE,TRUE
2025/5/1,9.9,20.1,-0.6,461,3,0,FALSE,FALSE,TRUE
2025/5/2,12.5,20.6,3.1,415,4,0,FALSE,FALSE,TRUE
2025/5/3,13.2,16.3,10.7,335,5,1,TRUE,FALSE,FALSE
2025/5/4,10.6,13.3,7.9,322,6,1,TRUE,FALSE,FALSE
2025/5/5,10.8,16.9,6.6,355,0,1,TRUE,FALSE,FALSE
2025/5/6,12.3,18.1,6,347,1,1,FALSE,FALSE,TRUE
2025/5/7,11.6,18.7,3,383,2,0,FALSE,FALSE,TRUE
2025/5/8,12,19.8,6.8,521,3,0,TRUE,FALSE,FALSE
2025/5/9,13.8,17.9,8.7,445,4,0,FALSE,FALSE,TRUE
2025/5/10,11.3,13.6,7.4,365,5,0,TRUE,FALSE,FALSE
2025/5/11,11.4,15.8,6.9,348,6,0,TRUE,FALSE,FALSE
2025/5/12,13.8,22,4.3,500,0,0,FALSE,FALSE,TRUE
2025/5/13,14.9,20.9,7.8,545,1,0,FALSE,FALSE,TRUE
2025/5/14,17.6,24.1,11.8,425,2,0,TRUE,FALSE,FALSE
2025/5/15,20.4,28.4,11.4,503,3,0,FALSE,FALSE,TRUE
2025/5/16,21,26.4,14.9,481,4,0,FALSE,FALSE,TRUE
2025/5/17,20.4,29.4,14.1,385,5,0,FALSE,FALSE,TRUE
2025/5/18,17.1,24.2,11.1,367,6,0,TRUE,FALSE,FALSE
2025/5/19,14.8,21,7.1,463,0,0,TRUE,FALSE,FALSE
2025/5/20,13,17.8,8.7,400,1,0,TRUE,FALSE,FALSE
2025/5/21,14.3,22.3,4.8,457,2,0,FALSE,FALSE,TRUE
2025/5/22,12.7,19.1,9,371,3,0,TRUE,FALSE,FALSE
2025/5/23,11.3,17,7.6,443,4,0,FALSE,FALSE,TRUE
2025/5/24,13.4,19.7,6.2,338,5,0,TRUE,FALSE,FALSE
2025/5/25,10.6,12.9,8.5,363,6,0,TRUE,FALSE,FALSE
2025/5/26,9.5,13.7,6.3,438,0,0,TRUE,FALSE,FALSE
2025/5/27,14.6,22,5.8,458,1,0,FALSE,FALSE,TRUE
2025/5/28,17.2,25.1,8.2,464,2,0,FALSE,FALSE,TRUE
2025/5/29,18,25.7,10.4,505,3,0,FALSE,FALSE,TRUE
2025/5/30,19.4,29.3,11,442,4,0,FALSE,FALSE,TRUE
2025/5/31,16.4,23.3,11.3,378,5,0,FALSE,FALSE,TRUE
2025/6/1,14.6,23.7,8.1,369,6,0,FALSE,FALSE,TRUE
2025/6/2,12,18.6,6.3,479,0,0,TRUE,FALSE,FALSE
2025/6/3,14.4,18.2,10.4,401,1,0,TRUE,FALSE,FALSE
2025/6/4,12.9,17.6,10,415,2,0,TRUE,FALSE,FALSE
2025/6/5,12.3,14.8,9.3,464,3,0,TRUE,FALSE,FALSE
2025/6/6,17.9,24.6,12.2,485,4,0,TRUE,FALSE,FALSE
2025/6/7,17.8,21.4,15.1,437,5,0,TRUE,FALSE,FALSE
2025/6/8,17.2,23.6,11.7,460,6,0,TRUE,FALSE,FALSE
2025/6/9,19.7,27.9,9.2,479,0,0,FALSE,FALSE,TRUE
2025/6/10,21.2,29.3,12,456,1,0,FALSE,FALSE,TRUE
2025/6/11,18,20.9,13.8,399,2,0,TRUE,FALSE,FALSE
2025/6/12,15.7,21.2,11.5,468,3,0,TRUE,FALSE,FALSE
2025/6/13,18.1,24.9,11.1,478,4,0,FALSE,FALSE,TRUE
2025/6/14,22,28.8,15.8,418,5,0,FALSE,FALSE,TRUE
2025/6/15,20.2,26,14.1,354,6,0,FALSE,FALSE,TRUE
2025/6/16,20.9,25.9,16.2,423,0,0,FALSE,FALSE,FALSE
2025/6/17,21.5,25.6,18.2,427,1,0,TRUE,FALSE,FALSE
2025/6/18,23.2,28.7,17.6,462,2,0,FALSE,FALSE,TRUE
2025/6/19,23,30.5,14.6,464,3,0,FALSE,FALSE,TRUE
2025/6/20,24.3,31.8,16.6,468,4,0,FALSE,FALSE,TRUE
2025/6/21,23.2,28,18.4,400,5,0,TRUE,FALSE,FALSE
2025/6/22,21.4,24.5,19,383,6,0,TRUE,FALSE,FALSE
2025/6/23,22.6,27.8,18.1,494,0,0,FALSE,FALSE,TRUE
2025/6/24,23.9,30.3,16.3,496,1,0,FALSE,FALSE,TRUE
2025/6/25,25.2,33.1,16.2,487,2,0,FALSE,FALSE,FALSE
2025/6/26,24.6,31,18.6,445,3,0,FALSE,FALSE,TRUE
2025/6/27,21.9,26.3,18.5,451,4,0,TRUE,FALSE,FALSE
2025/6/28,22.2,28.4,17.2,508,5,0,FALSE,FALSE,TRUE
2025/6/29,23.2,30.4,14.4,426,6,0,FALSE,FALSE,TRUE
2025/6/30,22.2,25.6,18.7,465,0,0,TRUE,FALSE,FALSE
2025/7/1,25.4,32,21.1,482,1,0,TRUE,FALSE,FALSE
2025/7/2,24.8,28.9,22.4,433,2,0,TRUE,FALSE,FALSE
2025/7/3,26.5,30.7,23,460,3,0,FALSE,FALSE,FALSE
2025/7/4,26.2,29.2,22.9,456,4,0,TRUE,FALSE,FALSE
2025/7/5,26.9,32.9,22.4,448,5,0,FALSE,FALSE,TRUE
2025/7/6,27,32.7,21.8,444,6,0,FALSE,FALSE,TRUE
2025/7/7,27.3,33.4,20,501,0,0,FALSE,FALSE,TRUE
2025/7/8,24,31.2,17,507,1,0,FALSE,FALSE,TRUE
2025/7/9,22.6,30.3,15,470,2,0,FALSE,FALSE,TRUE
2025/7/10,20.2,26.2,15.7,438,3,0,FALSE,FALSE,TRUE
2025/7/11,19.6,25.7,15.2,400,4,0,FALSE,FALSE,TRUE
2025/7/12,20.6,27.2,16,383,5,0,FALSE,FALSE,TRUE
2025/7/13,22,29,14.9,380,6,0,FALSE,FALSE,TRUE
2025/7/14,26.2,35.1,16.5,462,0,0,FALSE,FALSE,TRUE
2025/7/15,27.3,32.8,22.7,473,1,0,TRUE,FALSE,FALSE
2025/7/16,26.7,33,23.8,449,2,0,TRUE,FALSE,FALSE
2025/7/17,27.1,34,21.9,511,3,0,TRUE,FALSE,FALSE
2025/7/18,26.4,33.3,23.6,498,4,0,TRUE,FALSE,FALSE
2025/7/19,24.4,26.8,22.9,417,5,0,TRUE,FALSE,FALSE
2025/7/20,25.3,30.6,23,418,6,0,TRUE,FALSE,FALSE
2025/7/21,27.4,32.2,23.1,441,0,1,TRUE,FALSE,FALSE
2025/7/22,27.9,31.8,24.5,534,1,0,FALSE,FALSE,TRUE
2025/7/23,28.7,34.1,22.5,537,2,0,FALSE,FALSE,TRUE
2025/7/24,26.6,34.1,19.8,554,3,0,FALSE,FALSE,TRUE
2025/7/25,26.4,34.1,19.4,559,4,0,FALSE,FALSE,TRUE
2025/7/26,22.8,24.4,21.5,415,5,0,TRUE,FALSE,FALSE
2025/7/27,25,29.2,22.1,389,6,0,TRUE,FALSE,FALSE
2025/7/28,24.2,26.8,21.8,480,0,0,TRUE,FALSE,FALSE
2025/7/29,25.2,30.7,21.4,480,1,0,FALSE,FALSE,FALSE
2025/7/30,27.1,33.1,22.1,503,2,0,FALSE,FALSE,TRUE
2025/7/31,25.8,30,22.6,478,3,0,FALSE,FALSE,TRUE
2025/8/1,26.4,32.1,21.6,506,4,0,FALSE,FALSE,TRUE
2025/8/2,26.5,32.7,21.1,440,5,0,TRUE,FALSE,FALSE
2025/8/3,27.3,33.4,22,429,6,0,FALSE,FALSE,TRUE
2025/8/4,26.7,31.9,22.6,491,0,0,TRUE,FALSE,FALSE
2025/8/5,24.9,29,22.6,490,1,0,TRUE,FALSE,FALSE
2025/8/6,24.3,29.1,19.7,506,2,0,TRUE,FALSE,FALSE
2025/8/7,22.5,24.6,21.3,476,3,0,TRUE,FALSE,FALSE
2025/8/8,20.7,25.1,18.2,441,4,0,TRUE,FALSE,FALSE
2025/8/9,21.9,26.8,17.9,409,5,0,FALSE,FALSE,TRUE
2025/8/10,23.2,29,18.5,393,6,0,TRUE,FALSE,FALSE
2025/8/11,24.5,31.3,19.1,428,0,1,TRUE,FALSE,FALSE
2025/8/12,25,31.3,19.8,445,1,0,FALSE,FALSE,TRUE
2025/8/13,23.8,30.5,19.1,446,2,0,FALSE,FALSE,TRUE
2025/8/14,23.9,29.4,17.9,402,3,0,FALSE,FALSE,TRUE
2025/8/15,23.6,30.6,17.2,427,4,0,TRUE,FALSE,FALSE
2025/8/16,24.5,32.1,15.2,422,5,0,FALSE,FALSE,TRUE
2025/8/17,21.4,24.8,18.7,416,6,0,TRUE,FALSE,FALSE
2025/8/18,22.7,28.9,16.7,464,0,0,FALSE,FALSE,TRUE
2025/8/19,20.9,25.2,18.1,450,1,0,TRUE,FALSE,FALSE
2025/8/20,23.8,30.9,18.7,477,2,0,TRUE,FALSE,FALSE
2025/8/21,22.3,27.7,17.9,470,3,0,TRUE,FALSE,FALSE
2025/8/22,21.4,26.9,17,452,4,0,TRUE,FALSE,FALSE
2025/8/23,23,29.7,18.2,420,5,0,TRUE,FALSE,FALSE
2025/8/24,23.7,29.2,19.4,405,6,0,FALSE,FALSE,TRUE
2025/8/25,23.3,26.5,20.5,461,0,0,TRUE,FALSE,FALSE
2025/8/26,25,27.8,21.6,472,1,0,TRUE,FALSE,FALSE
2025/8/27,22.9,28.3,18.3,495,2,0,TRUE,FALSE,FALSE
2025/8/28,20.2,24.3,17.1,469,3,0,TRUE,FALSE,FALSE
2025/8/29,19.5,23.7,16.6,442,4,0,TRUE,FALSE,FALSE
2025/8/30,19.2,21.7,17.3,381,5,0,TRUE,FALSE,FALSE
2025/8/31,21.8,26.8,18.8,398,6,0,TRUE,FALSE,FALSE
2025/9/1,23.4,27.6,20,465,0,0,TRUE,FALSE,FALSE
2025/9/2,22.3,24.9,18.4,441,1,0,TRUE,FALSE,FALSE
2025/9/3,20.4,26.6,16.8,505,2,0,TRUE,FALSE,FALSE
2025/9/4,20.5,27,14.4,465,3,0,FALSE,FALSE,TRUE
2025/9/5,21,28.1,14.2,451,4,0,FALSE,FALSE,TRUE
2025/9/6,21.3,27.3,15.6,422,5,0,FALSE,FALSE,TRUE
2025/9/7,20.9,25,18.2,403,6,0,TRUE,FALSE,FALSE
2025/9/8,21.1,27.2,16,444,0,0,FALSE,FALSE,TRUE
2025/9/9,21,26.3,16.1,422,1,0,FALSE,FALSE,FALSE
2025/9/10,21.4,26.3,17,447,2,0,FALSE,FALSE,TRUE
2025/9/11,18.9,28.2,14.1,434,3,0,TRUE,FALSE,FALSE
2025/9/12,18.5,25.9,12.3,437,4,0,FALSE,FALSE,TRUE
2025/9/13,18.4,24,12.3,372,5,0,TRUE,FALSE,FALSE
2025/9/14,18.4,22.7,14,369,6,0,TRUE,FALSE,FALSE
2025/9/15,19.8,27,11.2,394,0,1,FALSE,FALSE,TRUE
2025/9/16,20.9,25.6,15.8,514,1,0,FALSE,FALSE,TRUE
2025/9/17,18.9,23.1,14.8,424,2,0,TRUE,FALSE,FALSE
2025/9/18,15.5,21.9,11.1,417,3,0,TRUE,FALSE,FALSE
2025/9/19,14.1,21.6,8.8,475,4,0,TRUE,FALSE,FALSE
2025/9/20,13.4,19.7,5.8,384,5,0,FALSE,FALSE,TRUE
2025/9/21,13.1,16,8.6,354,6,0,TRUE,FALSE,FALSE
2025/9/22,12.9,21.2,7.3,433,0,0,TRUE,FALSE,FALSE
2025/9/23,14.6,22.7,8.4,379,1,1,TRUE,FALSE,FALSE
2025/9/24,16,23.6,8,415,2,0,FALSE,FALSE,TRUE
2025/9/25,17.3,21,14.4,412,3,0,TRUE,FALSE,FALSE
2025/9/26,17.6,22,14.2,440,4,0,TRUE,FALSE,FALSE
2025/9/27,16.4,22.7,11.9,392,5,0,TRUE,FALSE,FALSE
2025/9/28,17.1,24.6,9.2,369,6,0,FALSE,FALSE,TRUE
2025/9/29,17.9,23.6,13.8,391,0,0,FALSE,FALSE,TRUE
2025/9/30,14.6,22.4,9.1,419,1,0,FALSE,FALSE,TRUE
2025/10/1,15.1,21.1,10.1,390,2,0,FALSE,FALSE,FALSE
2025/10/2,16.6,23.5,11.1,459,3,0,TRUE,FALSE,FALSE
2025/10/3,18.4,25.9,12.2,468,4,0,FALSE,FALSE,TRUE
2025/10/4,17.8,26.5,10.8,456,5,0,FALSE,FALSE,TRUE
2025/10/5,18.2,25,11.9,384,6,0,FALSE,FALSE,TRUE
2025/10/6,12.6,17.5,7.3,439,0,0,FALSE,FALSE,TRUE
2025/10/7,10.8,17.1,2.6,423,1,0,FALSE,FALSE,TRUE
2025/10/8,13.9,19.8,9.4,408,2,0,TRUE,FALSE,FALSE
2025/10/9,9,13.3,4.3,436,3,0,TRUE,FALSE,FALSE
2025/10/10,8.2,14.2,3.4,426,4,0,TRUE,FALSE,FALSE
2025/10/11,7.4,12.6,1.3,407,5,0,FALSE,FALSE,TRUE
2025/10/12,9.9,14.5,5.6,401,6,0,TRUE,FALSE,FALSE
2025/10/13,9.9,13.7,3.7,410,0,1,FALSE,FALSE,FALSE
2025/10/14,6.9,15.2,-0.1,422,1,0,FALSE,FALSE,TRUE
2025/10/15,9.1,14.5,3.4,405,2,0,FALSE,FALSE,TRUE
2025/10/16,8.1,12.6,3.8,438,3,0,TRUE,FALSE,FALSE
2025/10/17,11.4,16.4,8.6,432,4,0,FALSE,FALSE,TRUE
2025/10/18,10.5,14.7,7.9,380,5,0,TRUE,FALSE,FALSE
2025/10/19,7.4,11.4,5.7,370,6,0,TRUE,FALSE,FALSE
2025/10/20,4.3,7.6,2,423,0,0,TRUE,FALSE,FALSE
2025/10/21,4.2,6.7,1.9,413,1,0,TRUE,FALSE,FALSE
2025/10/22,5,7.4,2.5,433,2,0,TRUE,FALSE,FALSE
2025/10/23,4.4,8.2,2.1,425,3,0,TRUE,FALSE,FALSE
2025/10/24,4.2,9,0.6,444,4,0,FALSE,FALSE,TRUE
2025/10/25,4.9,11,-1,412,5,0,TRUE,FALSE,FALSE
2025/10/26,6.9,12.9,1.5,381,6,0,TRUE,FALSE,FALSE
2025/10/27,7.7,12.2,2.7,431,0,0,TRUE,FALSE,FALSE
2025/10/28,1.4,3.1,0.2,460,1,0,FALSE,TRUE,FALSE
2025/10/29,2.1,6.1,-0.4,434,2,0,TRUE,FALSE,FALSE
2025/10/30,5.6,10.8,-0.9,436,3,0,FALSE,FALSE,TRUE
2025/10/31,9.2,12.6,6.4,437,4,0,TRUE,FALSE,FALSE
2025/11/1,7,9.3,4.6,426,5,0,TRUE,FALSE,FALSE
2025/11/2,3.9,4.7,3,407,6,0,TRUE,FALSE,FALSE
2025/11/3,3.1,7.3,-2,418,0,1,FALSE,FALSE,TRUE
2025/11/4,4.1,10.4,-3,481,1,0,FALSE,FALSE,TRUE
2025/11/5,8.5,12.6,2.1,457,2,0,TRUE,FALSE,FALSE
2025/11/6,4.4,8,0.8,457,3,0,TRUE,FALSE,FALSE
2025/11/7,2.2,7,-2.2,469,4,0,TRUE,FALSE,FALSE
2025/11/8,-0.6,2.5,-3.8,451,5,0,FALSE,FALSE,TRUE
2025/11/9,3.1,9.7,-3.2,407,6,0,FALSE,TRUE,FALSE
2025/11/10,2.7,6.1,0.1,434,0,0,TRUE,FALSE,FALSE
2025/11/11,0.5,2.3,-0.7,497,1,0,FALSE,TRUE,FALSE
2025/11/12,1.8,5.3,-0.9,481,2,0,FALSE,TRUE,FALSE
2025/11/13,5.6,9.8,1,486,3,0,TRUE,FALSE,FALSE
2025/11/14,1.1,3.2,-0.2,461,4,0,FALSE,TRUE,FALSE
2025/11/15,0.2,2.4,-2.7,471,5,0,FALSE,TRUE,FALSE
2025/11/16,2.4,8.1,-3.1,423,6,0,FALSE,FALSE,TRUE
2025/11/17,3.3,11.2,-2.2,458,0,0,FALSE,TRUE,FALSE
2025/11/18,-2.8,-0.7,-3.8,549,1,0,FALSE,TRUE,FALSE
2025/11/19,-1.2,0.5,-3.9,503,2,0,FALSE,TRUE,FALSE
2025/11/20,3.7,6.6,0.3,496,3,0,TRUE,FALSE,FALSE
2025/11/21,1.6,5.9,-2.3,473,4,0,FALSE,TRUE,FALSE
2025/11/22,0.6,3.6,-2.2,429,5,0,FALSE,TRUE,FALSE
2025/11/23,1.9,7.6,-1.3,384,6,1,TRUE,FALSE,FALSE
2025/11/24,3.1,10.7,-1.7,408,0,1,FALSE,FALSE,TRUE
2025/11/25,0.3,5.5,-2.7,454,1,0,FALSE,TRUE,FALSE
2025/11/26,1.6,4.5,-1.3,470,2,0,TRUE,FALSE,FALSE
2025/11/27,1.4,7.1,-1.8,496,3,0,FALSE,FALSE,TRUE
2025/11/28,3.4,6.7,-1.3,486,4,0,TRUE,FALSE,FALSE
2025/11/29,-0.6,1,-2.5,443,5,0,FALSE,TRUE,FALSE
2025/11/30,3.2,9.4,-1.9,428,6,0,TRUE,FALSE,FALSE
2025/12/1,2.1,13.3,-3,516,0,0,FALSE,TRUE,FALSE
2025/12/2,0.7,4.1,-2.2,480,1,0,FALSE,TRUE,FALSE
2025/12/3,-1.9,1.1,-4,488,2,0,FALSE,TRUE,FALSE
2025/12/4,-5.1,-3.5,-6.3,529,3,0,FALSE,TRUE,FALSE
2025/12/5,-2.9,-1.2,-4.8,557,4,0,FALSE,TRUE,FALSE
2025/12/6,1.2,4.3,-1.8,436,5,0,FALSE,TRUE,FALSE
2025/12/7,3,7.3,0.1,409,6,0,TRUE,FALSE,FALSE
2025/12/8,0.4,2.2,-2.6,494,0,0,FALSE,FALSE,TRUE
2025/12/9,-3.5,-1.3,-6.6,498,1,0,FALSE,TRUE,FALSE
2025/12/10,-4.1,-1.4,-5.9,535,2,0,FALSE,TRUE,FALSE
2025/12/11,-3.1,-1.3,-8.1,556,3,0,FALSE,TRUE,FALSE
2025/12/12,-8,-5.2,-8.8,564,4,0,FALSE,TRUE,FALSE
2025/12/13,-5.6,-3.3,-8.7,509,5,0,FALSE,TRUE,FALSE
2025/12/14,-4.3,1.3,-9.3,518,6,0,FALSE,TRUE,FALSE
2025/12/15,0.2,2.6,-2.5,541,0,0,FALSE,TRUE,FALSE
2025/12/16,-3.1,0,-6.1,518,1,0,FALSE,TRUE,FALSE
2025/12/17,-4.8,-2.7,-6.2,524,2,0,FALSE,TRUE,FALSE
2025/12/18,-4.6,-2.6,-6.8,542,3,0,FALSE,TRUE,FALSE
2025/12/19,-1.8,1.5,-4,502,4,0,FALSE,FALSE,TRUE
2025/12/20,4.9,7.1,-1.2,483,5,0,TRUE,FALSE,FALSE
2025/12/21,1.7,5.4,-0.9,457,6,0,TRUE,FALSE,FALSE
2025/12/22,-2.6,-0.9,-4.9,510,0,0,FALSE,TRUE,FALSE
2025/12/23,-4,-0.2,-8.8,526,1,0,FALSE,FALSE,TRUE
2025/12/24,0.4,2.6,-2.5,548,2,0,FALSE,TRUE,FALSE
2025/12/25,0.9,2.1,-0.4,530,3,0,FALSE,FALSE,FALSE
2025/12/26,-4,-0.1,-7.5,525,4,0,FALSE,TRUE,FALSE
2025/12/27,-7.9,-6.2,-9.5,490,5,0,FALSE,TRUE,FALSE
2025/12/28,-4.2,-2,-7.4,469,6,0,FALSE,TRUE,FALSE
2025/12/29,0.2,4,-5.2,473,0,0,FALSE,TRUE,FALSE
2025/12/30,0.1,1.6,-3.3,446,1,0,FALSE,FALSE,FALSE
2025/12/31,-5.9,-3.4,-8.4,465,2,0,FALSE,TRUE,FALSE
